{
  "train_loss": [
    2.2670592852200295,
    1.9516160178528639,
    1.8352150633582056
  ],
  "val_loss": [
    2.0392421824090277,
    1.8938464934666948,
    1.8127593879264081
  ],
  "val_accuracy": [
    0.2454320987654321,
    0.2859259259259259,
    0.3296296296296296
  ],
  "learning_rate": [
    0.01,
    0.0095,
    0.009025
  ],
  "best_val_accuracy": 0.3296296296296296,
  "best_epoch": 3
}