{
  "train_loss": [
    1.7484200311189195,
    1.179435677931559,
    1.0469813942659487,
    0.9652634046071166,
    0.8935998998802226,
    0.8078429559633162,
    0.7496548237974499,
    0.7092317828559088,
    0.6562347420588016,
    0.6092181131527654,
    0.5872604739025278,
    0.5321072261144771,
    0.5027522031345629,
    0.4714133936600577,
    0.44497072168018204,
    0.4190489188758728,
    0.40201799622307405,
    0.3786325888782703,
    0.3616277774262664,
    0.3435657167756176,
    0.3274083677862037,
    0.3145345780697112,
    0.30368267401535387,
    0.2914808293282747,
    0.28007899958892923,
    0.27273909194314133,
    0.26215431167079184,
    0.25497946742228733,
    0.24936874921097735,
    0.24224284636814272
  ],
  "val_loss": [
    1.3609430140438787,
    1.1765941915655729,
    1.1406875503826137,
    1.3558226359259051,
    1.0523256604620852,
    1.057621572434697,
    1.094460652646666,
    1.00323559442473,
    1.0232312636321277,
    1.0313789234175512,
    1.0013135141532805,
    1.0124286430161087,
    0.9990499898835166,
    1.0768459644673203,
    1.0069666778677475,
    1.0457276205924702,
    1.0387138952026842,
    0.9974426806037803,
    1.032398854518467,
    1.0289802697447796,
    1.0289916557500387,
    1.0203424011289333,
    1.0795065136014672,
    1.0320112741430303,
    1.0573524046935565,
    1.0488196064030681,
    1.0550480006371015,
    1.0645885239094857,
    1.0593963679659812,
    1.066230491447449
  ],
  "val_accuracy": [
    0.4777777777777778,
    0.5755555555555556,
    0.6197530864197531,
    0.49679012345679013,
    0.6387654320987655,
    0.6264197530864197,
    0.6192592592592593,
    0.6491358024691358,
    0.6461728395061729,
    0.6476543209876543,
    0.6604938271604939,
    0.6570370370370371,
    0.6609876543209876,
    0.6412345679012346,
    0.6711111111111111,
    0.6637037037037037,
    0.654074074074074,
    0.668395061728395,
    0.668641975308642,
    0.6654320987654321,
    0.6681481481481482,
    0.6767901234567901,
    0.6545679012345679,
    0.6735802469135802,
    0.6701234567901234,
    0.6750617283950617,
    0.6760493827160494,
    0.6765432098765433,
    0.6753086419753086,
    0.6787654320987654
  ],
  "learning_rate": [
    0.06,
    0.056999999999999995,
    0.05414999999999999,
    0.05144249999999999,
    0.04887037499999999,
    0.04642685624999999,
    0.04410551343749999,
    0.04190023776562499,
    0.03980522587734374,
    0.03781496458347655,
    0.03592421635430272,
    0.03412800553658758,
    0.0324216052597582,
    0.030800524996770287,
    0.029260498746931773,
    0.027797473809585183,
    0.026407600119105923,
    0.025087220113150625,
    0.023832859107493092,
    0.022641216152118438,
    0.021509155344512514,
    0.02043369757728689,
    0.019412012698422545,
    0.018441412063501417,
    0.017519341460326344,
    0.016643374387310027,
    0.015811205667944524,
    0.015020645384547298,
    0.014269613115319933,
    0.013556132459553935
  ],
  "best_val_accuracy": 0.6787654320987654,
  "best_epoch": 30
}