{
  "test_accuracy": 0.6780246913580247,
  "confusion_matrix": [
    [
      289,
      0,
      19,
      24,
      2,
      18,
      56,
      16,
      24,
      2
    ],
    [
      0,
      358,
      9,
      0,
      0,
      19,
      0,
      0,
      0,
      64
    ],
    [
      34,
      1,
      233,
      29,
      3,
      17,
      77,
      38,
      15,
      3
    ],
    [
      30,
      0,
      27,
      151,
      15,
      19,
      35,
      29,
      66,
      3
    ],
    [
      2,
      0,
      4,
      14,
      313,
      0,
      8,
      27,
      7,
      0
    ],
    [
      8,
      10,
      17,
      4,
      0,
      231,
      7,
      3,
      19,
      1
    ],
    [
      52,
      0,
      37,
      18,
      4,
      15,
      223,
      16,
      9,
      1
    ],
    [
      9,
      0,
      25,
      34,
      11,
      2,
      44,
      316,
      9,
      0
    ],
    [
      20,
      1,
      12,
      45,
      7,
      11,
      9,
      6,
      257,
      7
    ],
    [
      4,
      34,
      6,
      1,
      0,
      14,
      5,
      5,
      6,
      375
    ]
  ],
  "class_accuracy": {
    "AnnualCrop": 0.6422222222222222,
    "Forest": 0.7955555555555556,
    "HerbaceousVegetation": 0.5177777777777778,
    "Highway": 0.4026666666666667,
    "Industrial": 0.8346666666666667,
    "Pasture": 0.77,
    "PermanentCrop": 0.5946666666666667,
    "Residential": 0.7022222222222222,
    "River": 0.6853333333333333,
    "SeaLake": 0.8333333333333334
  }
}